start_hour,day_type,average_trips_per_day
0,Weekday,53.40625
0,Weekend,99.92307692307692
1,Weekday,27.953125
1,Weekend,76.38461538461539
2,Weekday,20.046875
2,Weekend,57.30769230769231
3,Weekday,12.6875
3,Weekend,37.96153846153846
4,Weekday,17.046875
4,Weekend,21.23076923076923
5,Weekday,48.21875
5,Weekend,21.346153846153847
6,Weekday,128.359375
6,Weekend,46.5
7,Weekday,289.75
7,Weekend,84.8076923076923
8,Weekday,670.25
8,Weekend,131.73076923076923
9,Weekday,422.796875
9,Weekend,201.34615384615384
10,Weekday,243.671875
10,Weekend,259.5769230769231
11,Weekday,256.8125
11,Weekend,320.65384615384613
12,Weekday,292.0
12,Weekend,357.7692307692308
13,Weekday,281.90625
13,Weekend,375.61538461538464
14,Weekday,298.546875
14,Weekend,395.1923076923077
15,Weekday,381.359375
15,Weekend,419.38461538461536
16,Weekday,577.0625
16,Weekend,419.7307692307692
17,Weekday,832.203125
17,Weekend,394.03846153846155
18,Weekday,596.484375
18,Weekend,336.5
19,Weekday,381.453125
19,Weekend,260.3076923076923
20,Weekday,270.03125
20,Weekend,189.42307692307693
21,Weekday,219.5
21,Weekend,164.84615384615384
22,Weekday,170.828125
22,Weekend,142.19230769230768
23,Weekday,106.25
23,Weekend,102.92307692307692
